term_original,best_domain
CBD Gummies,treatment_alternative_complementary
CBD Oil Capsules,treatment_alternative_complementary
Marijuana,treatment_alternative_complementary
Cannabis Flower Bowl,treatment_alternative_complementary
Hemp Oil,treatment_alternative_complementary
Cbd tea (20mg),treatment_alternative_complementary
Cannabis Concentrate Dab,treatment_alternative_complementary
CBT,treatment_alternative_complementary
smoked,treatment_alternative_complementary
Cbd olie,treatment_alternative_complementary
CBD capsules,treatment_alternative_complementary
CBD 25mg capsules ,treatment_alternative_complementary
CBD Gel,treatment_alternative_complementary
Medical Cannabis,treatment_alternative_complementary
weed,treatment_alternative_complementary
CBD/THC 1:1 oul,treatment_alternative_complementary
pure kana cbd oil,treatment_alternative_complementary
Thc Vape,treatment_alternative_complementary
CBD from Hemp,treatment_alternative_complementary
Half and Half Cannabis,treatment_alternative_complementary
chi gong,treatment_alternative_complementary
Thc oil,treatment_alternative_complementary
No THC CBD,treatment_alternative_complementary
CBD +Sunny Mood,treatment_alternative_complementary
hemp seed oil,treatment_alternative_complementary
Cannabis,treatment_alternative_complementary
chinese medicine,treatment_alternative_complementary
cbd thc tincture,treatment_alternative_complementary
19:1 THC:CBD vape pen,treatment_alternative_complementary
cw cbd oil,treatment_alternative_complementary
Beer,treatment_alternative_complementary
Cannabis CBD oil,treatment_alternative_complementary
Cannabis THC oil,treatment_alternative_complementary
Cigarette,treatment_alternative_complementary
"CBD- ""Free"" Spray",treatment_alternative_complementary
cbd joint,treatment_alternative_complementary
Extra cannabis,treatment_alternative_complementary
Hemp Powder,treatment_alternative_complementary
CBD PM,treatment_alternative_complementary
Canadian hemp,treatment_alternative_complementary
cannabis oil vape,treatment_alternative_complementary
cbd spray,treatment_alternative_complementary
cbd drops,treatment_alternative_complementary
Medical Marijuana,treatment_alternative_complementary
19:1 CBD:THC capsule,treatment_alternative_complementary
cbd gummy ,treatment_alternative_complementary
cannabis 1:1,treatment_alternative_complementary
edible cannabis,treatment_alternative_complementary
haleighs hope cbd oil,treatment_alternative_complementary
cbd tincture,treatment_alternative_complementary
CBD with MCT,treatment_alternative_complementary
CDB oil,treatment_alternative_complementary
CBD edible,treatment_alternative_complementary
cannabis vaped,treatment_alternative_complementary
Cannabis sativa seed oil,treatment_alternative_complementary
cB,treatment_alternative_complementary
cannabinoid,treatment_alternative_complementary
CBD:THC,treatment_alternative_complementary
Breath Deep Tea,treatment_alternative_complementary
CBD Terpines,treatment_alternative_complementary
cigarettes,treatment_alternative_complementary
cbd topical,treatment_alternative_complementary
CBD cream,treatment_alternative_complementary
Traditional chinese medicine,treatment_alternative_complementary
1:1 cbd & thc oil,treatment_alternative_complementary
Cannabis Edible,treatment_alternative_complementary
cannabis tea,treatment_alternative_complementary
Puff w/ CBD,treatment_alternative_complementary
"Marijuana, concentrate ",treatment_alternative_complementary
CBD bb Classic,treatment_alternative_complementary
CBD isolate,treatment_alternative_complementary
THC/CBD capsule,treatment_alternative_complementary
Cannabis oil,treatment_alternative_complementary
Hemp Tea,treatment_alternative_complementary
Cannabis flower,treatment_alternative_complementary
cbd edibles,treatment_alternative_complementary
THC/CBD Cannabis,treatment_alternative_complementary
CBD,treatment_alternative_complementary
hemp capsules,treatment_alternative_complementary
CBD Sleep,treatment_alternative_complementary
CBD Capsule,treatment_alternative_complementary
cbd balm,treatment_alternative_complementary
Cbd oil,treatment_alternative_complementary
cbd vape,treatment_alternative_complementary
CBD Spray- 'Free',treatment_alternative_complementary
Medicinal cannabis,treatment_alternative_complementary
Cannabis CBD capsule 10mg,treatment_alternative_complementary
cannabis capsules,treatment_alternative_complementary
cbd oil capsule,treatment_alternative_complementary
CBD/THC,treatment_alternative_complementary
CBD without THC,treatment_alternative_complementary
Rolled Cannabis,treatment_alternative_complementary
CBD oil pill ,treatment_alternative_complementary
Tetrahydrocannabinol,treatment_alternative_complementary
Hemp CBD,treatment_alternative_complementary
marijuana oil,treatment_alternative_complementary
incense,treatment_alternative_complementary
nano cbd,treatment_alternative_complementary
natures aid cbd oil 2.5%,treatment_alternative_complementary
CBD Lotion,treatment_alternative_complementary
CBD oil rub,treatment_alternative_complementary
mood suppressor,treatment_antidepressant_anxiolytic
Antidepressants,treatment_antidepressant_anxiolytic
Paxil,treatment_antidepressant_anxiolytic
Lithium Orotate,treatment_antidepressant_anxiolytic
extra Xanax ,treatment_antidepressant_anxiolytic
Anti-depressants,treatment_antidepressant_anxiolytic
normal meds,treatment_antidepressant_anxiolytic
Boniva,treatment_antidepressant_anxiolytic
anxiety meds,treatment_antidepressant_anxiolytic
SSRI,treatment_antidepressant_anxiolytic
Depression Meds,treatment_antidepressant_anxiolytic
valium 20mg ,treatment_antidepressant_anxiolytic
clonazapam,treatment_antidepressant_anxiolytic
Benzo,treatment_antidepressant_anxiolytic
mirtazapine half,treatment_antidepressant_anxiolytic
Duloxetine evening,treatment_antidepressant_anxiolytic
Prozac (Morning),treatment_antidepressant_anxiolytic
Xanax SB,treatment_antidepressant_anxiolytic
Keppra (Levetiracetsm),treatment_antidepressant_anxiolytic
Paxil A.M.,treatment_antidepressant_anxiolytic
diazapam,treatment_antidepressant_anxiolytic
Seroquel xr,treatment_antidepressant_anxiolytic
Ritalin LA 30mg,treatment_antidepressant_anxiolytic
Medikinet (Ritalin) ,treatment_antidepressant_anxiolytic
Quetiapine Modified Release,treatment_antidepressant_anxiolytic
Loxapine,treatment_antidepressant_anxiolytic
Xanax Soir,treatment_antidepressant_anxiolytic
cytoquel,treatment_antidepressant_anxiolytic
Antidepressant,treatment_antidepressant_anxiolytic
Serotonin,treatment_antidepressant_anxiolytic
Duoloxetine,treatment_antidepressant_anxiolytic
Paxam,treatment_antidepressant_anxiolytic
Seroquel 125mg,treatment_antidepressant_anxiolytic
Quetiapine XR,treatment_antidepressant_anxiolytic
Paxil CR,treatment_antidepressant_anxiolytic
Depakote,treatment_antidepressant_anxiolytic
extra seroquel,treatment_antidepressant_anxiolytic
Clotiazepam,treatment_antidepressant_anxiolytic
Duloxetine morning,treatment_antidepressant_anxiolytic
sertraline 50mg,treatment_antidepressant_anxiolytic
lexamil,treatment_antidepressant_anxiolytic
diazipam,treatment_antidepressant_anxiolytic
clonozepam,treatment_antidepressant_anxiolytic
Levocetirizine,treatment_antidepressant_anxiolytic
extorxib,treatment_antidepressant_anxiolytic
Diazepam,treatment_antidepressant_anxiolytic
Citalopram,treatment_antidepressant_anxiolytic
Pascofemin Tablets,treatment_antidepressant_anxiolytic
Anxiety medication,treatment_antidepressant_anxiolytic
Cymbalta,treatment_antidepressant_anxiolytic
Diazepam vaginal,treatment_antidepressant_anxiolytic
Ritalin LA 20mg,treatment_antidepressant_anxiolytic
Clozapine,treatment_antidepressant_anxiolytic
cymbalta / duloxetine,treatment_antidepressant_anxiolytic
Rizatriptan,treatment_antidepressant_anxiolytic
pax tranquiliser,treatment_antidepressant_anxiolytic
Effexor XR,treatment_antidepressant_anxiolytic
Triazolam,treatment_antidepressant_anxiolytic
Rupafin 10mg,treatment_antidepressant_anxiolytic
sertraline 100mg,treatment_antidepressant_anxiolytic
zoloft 25mg,treatment_antidepressant_anxiolytic
anti depressant,treatment_antidepressant_anxiolytic
Duloxetine,treatment_antidepressant_anxiolytic
Anti depressants,treatment_antidepressant_anxiolytic
Buccal Midazolam,treatment_antidepressant_anxiolytic
Duloxetine 60 mg,treatment_antidepressant_anxiolytic
Prozac 20mg,treatment_antidepressant_anxiolytic
Levetiracetam,treatment_antidepressant_anxiolytic
Prozac,treatment_antidepressant_anxiolytic
Gui Pi Pills,treatment_antidepressant_anxiolytic
Alprazolam,treatment_antidepressant_anxiolytic
Seroquel,treatment_antidepressant_anxiolytic
clonozapam,treatment_antidepressant_anxiolytic
Ritalin,treatment_antidepressant_anxiolytic
Esomeprazole 40 mg,treatment_antidepressant_anxiolytic
Clonazepam Night,treatment_antidepressant_anxiolytic
sertralline,treatment_antidepressant_anxiolytic
Valium 10mg prn ,treatment_antidepressant_anxiolytic
Paxil 40mg,treatment_antidepressant_anxiolytic
Paroxetine,treatment_antidepressant_anxiolytic
Medicon 15mg,treatment_antidepressant_anxiolytic
anaprazolam,treatment_antidepressant_anxiolytic
Quetiapine RP,treatment_antidepressant_anxiolytic
Xanax Daytime,treatment_antidepressant_anxiolytic
Xanax,treatment_antidepressant_anxiolytic
levosulpiride,treatment_antidepressant_anxiolytic
sertraline 150 mg,treatment_antidepressant_anxiolytic
Lexam,treatment_antidepressant_anxiolytic
Erythrocin,treatment_cardiovascular
Propranolol ER,treatment_cardiovascular
Propranolol ER AM,treatment_cardiovascular
Marinol,treatment_cardiovascular
Carvedilol,treatment_cardiovascular
Lovastatin,treatment_cardiovascular
Propranolol,treatment_cardiovascular
Disulfiram,treatment_cardiovascular
Propanolol,treatment_cardiovascular
propranalol,treatment_cardiovascular
Atoravastatin,treatment_cardiovascular
Lisinopril - Hydrochlorothiazide,treatment_cardiovascular
propranolol 40mg,treatment_cardiovascular
Metoprolol,treatment_cardiovascular
propanonal,treatment_cardiovascular
Propanalol,treatment_cardiovascular
Atenelol,treatment_cardiovascular
Atenolol,treatment_cardiovascular
Isibloom,treatment_cardiovascular
Altermol,treatment_cardiovascular
Atorvastatin,treatment_cardiovascular
bisoprolol fumarate,treatment_cardiovascular
propanol,treatment_cardiovascular
proponolol,treatment_cardiovascular
propranolol 120mg,treatment_cardiovascular
adderrall,treatment_cardiovascular
Amlodipine,treatment_cardiovascular
Dilantin,treatment_cardiovascular
losartan amlodipine,treatment_cardiovascular
Hydrochlorothiazide,treatment_cardiovascular
Verapamil,treatment_cardiovascular
Propranolol ER PM,treatment_cardiovascular
Amlodipine besylate,treatment_cardiovascular
Gluten-free,treatment_diet_metabolic
gluten free,treatment_diet_metabolic
e meal,treatment_diet_metabolic
GAPS diet,treatment_diet_metabolic
high salt diet,treatment_diet_metabolic
low histamine diet,treatment_diet_metabolic
low fibre diet ,treatment_diet_metabolic
keto diet,treatment_diet_metabolic
RAD diet,treatment_diet_metabolic
healthy meal,treatment_diet_metabolic
eat more and healthier,treatment_diet_metabolic
small frequent meals,treatment_diet_metabolic
high fat diet,treatment_diet_metabolic
Kaufman phase 1 diet,treatment_diet_metabolic
7-keto-dhea,treatment_diet_metabolic
high sodium diet,treatment_diet_metabolic
healthy eating,treatment_diet_metabolic
Bedtime snack,treatment_diet_metabolic
Home-cooked meals,treatment_diet_metabolic
My Goodness Organics meals,treatment_diet_metabolic
BRAT Diet,treatment_diet_metabolic
diet pills,treatment_diet_metabolic
healthy food,treatment_diet_metabolic
Ketogenic Diet,treatment_diet_metabolic
Nutri MegaMag Muscleze,treatment_diet_metabolic
Multi Food,treatment_diet_metabolic
healthy diet,treatment_diet_metabolic
crohn‚Äôs diet,treatment_diet_metabolic
sugar free diet,treatment_diet_metabolic
Liquid Diet,treatment_diet_metabolic
Ensure Shake,treatment_diet_metabolic
bland diet,treatment_diet_metabolic
Sugary snack,treatment_diet_metabolic
low carb diet,treatment_diet_metabolic
lactose free diet,treatment_diet_metabolic
Dairy-free diet,treatment_diet_metabolic
Lunch,treatment_diet_metabolic
Eat Sugar,treatment_diet_metabolic
Clean Eating,treatment_diet_metabolic
carnivore diet,treatment_diet_metabolic
diet,treatment_diet_metabolic
having morning snack(s),treatment_diet_metabolic
Good diet ,treatment_diet_metabolic
Diet Coke,treatment_diet_metabolic
meals,treatment_diet_metabolic
High protein diet,treatment_diet_metabolic
low dairy diet,treatment_diet_metabolic
Snacks,treatment_diet_metabolic
Resrticted diet,treatment_diet_metabolic
Hcg diet,treatment_diet_metabolic
Rice protein Shake,treatment_diet_metabolic
high fibre breakfast,treatment_diet_metabolic
Low sodium diet,treatment_diet_metabolic
dairy free,treatment_diet_metabolic
IC diet,treatment_diet_metabolic
sun warrior protein shake,treatment_diet_metabolic
protein powder,treatment_diet_metabolic
Blended Food,treatment_diet_metabolic
AIP diet,treatment_diet_metabolic
Soft diet,treatment_diet_metabolic
Paleo Diet,treatment_diet_metabolic
Mediterranean Diet,treatment_diet_metabolic
Garden of Life Raw Meal,treatment_diet_metabolic
Gastroparesis Diet,treatment_diet_metabolic
Ketotifin,treatment_diet_metabolic
"small, low-carb meals",treatment_diet_metabolic
Wheat free diet,treatment_diet_metabolic
gluten free diet,treatment_diet_metabolic
flaxseed meal,treatment_diet_metabolic
Fodmap Friendly,treatment_diet_metabolic
Soy lecithin free diet,treatment_diet_metabolic
protein shake or bar,treatment_diet_metabolic
Dietary Protein,treatment_diet_metabolic
low fat diet,treatment_diet_metabolic
Eat well,treatment_diet_metabolic
low dairy,treatment_diet_metabolic
no gluten,treatment_diet_metabolic
nutrition,treatment_diet_metabolic
Dairy free diet,treatment_diet_metabolic
Low-FODMAP diet,treatment_diet_metabolic
Nutrition Suppliment Combo,treatment_diet_metabolic
Eating,treatment_diet_metabolic
gluten intake,treatment_diet_metabolic
probiotic shake,treatment_diet_metabolic
milk and cream free,treatment_diet_metabolic
SCD/GAPS diet,treatment_diet_metabolic
foodmop diet,treatment_diet_metabolic
Normal diet ,treatment_diet_metabolic
gluten,treatment_diet_metabolic
Metagenics GI Replenish Replacement Meal,treatment_diet_metabolic
Pyridium,treatment_gastrointestinal
DigestZen,treatment_gastrointestinal
Zrytec-D,treatment_gastrointestinal
Berroca,treatment_gastrointestinal
Zonisamide,treatment_gastrointestinal
Zaleplon,treatment_gastrointestinal
ferrum phos,treatment_gastrointestinal
Peptid+,treatment_gastrointestinal
Ingef√§ra,treatment_gastrointestinal
Pazeo,treatment_gastrointestinal
prolase,treatment_gastrointestinal
Ranitine ,treatment_gastrointestinal
digestaguard,treatment_gastrointestinal
Zafirlukast,treatment_gastrointestinal
Adalat,treatment_gastrointestinal
clonidi,treatment_gastrointestinal
Zofran,treatment_gastrointestinal
protonix EARLY,treatment_gastrointestinal
Gavascon,treatment_gastrointestinal
acidophilus,treatment_gastrointestinal
Rulide,treatment_gastrointestinal
Ferrum Hausmann,treatment_gastrointestinal
Lansoprazole,treatment_gastrointestinal
Allegra D,treatment_gastrointestinal
Pepcid,treatment_gastrointestinal
palexia IR,treatment_gastrointestinal
diovasc,treatment_gastrointestinal
Femibion,treatment_gastrointestinal
Zohydro,treatment_gastrointestinal
Acido tranexamico,treatment_gastrointestinal
benestare,treatment_gastrointestinal
Zetia,treatment_gastrointestinal
salpraz,treatment_gastrointestinal
Ondansetron,treatment_gastrointestinal
Neupro,treatment_gastrointestinal
Ruconest,treatment_gastrointestinal
Questran,treatment_gastrointestinal
pepcid ac,treatment_gastrointestinal
Anovite,treatment_gastrointestinal
Alinia,treatment_gastrointestinal
laxido,treatment_gastrointestinal
physeptone,treatment_gastrointestinal
ProOmega,treatment_gastrointestinal
laxette,treatment_gastrointestinal
Femisan A,treatment_gastrointestinal
Elvanse,treatment_gastrointestinal
Norspan,treatment_gastrointestinal
Purbac,treatment_gastrointestinal
BifAcid,treatment_gastrointestinal
Rizamelt,treatment_gastrointestinal
aralen,treatment_gastrointestinal
Chantix,treatment_gastrointestinal
Ziac,treatment_gastrointestinal
Zazole,treatment_gastrointestinal
ferrograd,treatment_gastrointestinal
Rupanase ,treatment_gastrointestinal
Amitiza,treatment_gastrointestinal
Cambia,treatment_gastrointestinal
Zapian,treatment_gastrointestinal
alieve,treatment_gastrointestinal
azomid,treatment_gastrointestinal
pristique,treatment_gastrointestinal
trittico,treatment_gastrointestinal
Chemet,treatment_gastrointestinal
Antabuse,treatment_gastrointestinal
Prilosec,treatment_gastrointestinal
Azo,treatment_gastrointestinal
zaviana,treatment_gastrointestinal
moducare,treatment_gastrointestinal
valette,treatment_gastrointestinal
ranimed,treatment_gastrointestinal
Epitec,treatment_gastrointestinal
zrytec,treatment_gastrointestinal
Zantac,treatment_gastrointestinal
ranitadine,treatment_gastrointestinal
Protonix,treatment_gastrointestinal
aztasan,treatment_gastrointestinal
Gaviscon,treatment_gastrointestinal
Nutramedix ,treatment_gastrointestinal
Pepcid complete,treatment_gastrointestinal
Aleeve,treatment_gastrointestinal
Simponi,treatment_gastrointestinal
extra pepcid,treatment_gastrointestinal
Diamicron,treatment_gastrointestinal
omnibionta3,treatment_gastrointestinal
Prodovite,treatment_gastrointestinal
Granisetron,treatment_gastrointestinal
Pyrolle Primer AM,treatment_gastrointestinal
Naphcon a,treatment_gastrointestinal
nasid,treatment_gastrointestinal
digestuve,treatment_gastrointestinal
Narco,treatment_gastrointestinal
Turmero Active,treatment_gastrointestinal
Super Miraforte,treatment_gastrointestinal
Ranitidine,treatment_gastrointestinal
Butec,treatment_gastrointestinal
Constella,treatment_gastrointestinal
Prometrium,treatment_gastrointestinal
zomorph,treatment_gastrointestinal
Reglan,treatment_gastrointestinal
Zaditor Drops,treatment_gastrointestinal
dolased,treatment_gastrointestinal
Zaldiar,treatment_gastrointestinal
Allegra-d,treatment_gastrointestinal
NAC,treatment_gastrointestinal
Molcosan,treatment_gastrointestinal
tummeric,treatment_gastrointestinal
Privera,treatment_gastrointestinal
Zapaine,treatment_gastrointestinal
pipcid,treatment_gastrointestinal
tri-lo-sprintec,treatment_gastrointestinal
Selen,treatment_gastrointestinal
esylium,treatment_gastrointestinal
AscoTop,treatment_gastrointestinal
Zometa,treatment_gastrointestinal
Antacid,treatment_gastrointestinal
Azli,treatment_gastrointestinal
zengest,treatment_gastrointestinal
black walnut tincture,treatment_herbal_natural
Ginger Supp,treatment_herbal_natural
Doctor Wilsons Herbal ,treatment_herbal_natural
biest cream,treatment_herbal_natural
Aloe,treatment_herbal_natural
Elderberry tea ,treatment_herbal_natural
Valerian root,treatment_herbal_natural
Valerian root extract,treatment_herbal_natural
Ginger lozenges,treatment_herbal_natural
Oregano oil,treatment_herbal_natural
Curcumin,treatment_herbal_natural
Marula oil,treatment_herbal_natural
causticum,treatment_herbal_natural
hibiscus tea,treatment_herbal_natural
ginger chew,treatment_herbal_natural
Echinacea purpurea root extract,treatment_herbal_natural
curcumine,treatment_herbal_natural
Cranberry extract,treatment_herbal_natural
turmeric root,treatment_herbal_natural
Forte Nuit Plantes ,treatment_herbal_natural
Aromasin,treatment_herbal_natural
elderberry umcka tea,treatment_herbal_natural
Salicin extract,treatment_herbal_natural
Reishi mushroom,treatment_herbal_natural
Guarana & Ginseng,treatment_herbal_natural
Turmeric tea,treatment_herbal_natural
Tagetes erecta flower extract,treatment_herbal_natural
Motherwort,treatment_herbal_natural
Hawthorn berry extract,treatment_herbal_natural
oregano HE,treatment_herbal_natural
Candida Clear,treatment_herbal_natural
Dandelion Leaf,treatment_herbal_natural
matcha ginseng,treatment_herbal_natural
mushroom,treatment_herbal_natural
Pu-erh tea,treatment_herbal_natural
Oregano drops,treatment_herbal_natural
Echinacea angustifolia root extract,treatment_herbal_natural
clarycalm,treatment_herbal_natural
Tumeric Tea,treatment_herbal_natural
neem oil,treatment_herbal_natural
Capsicum,treatment_herbal_natural
Raw honey ,treatment_herbal_natural
smoothie,treatment_herbal_natural
Ginger tea,treatment_herbal_natural
lacalose ,treatment_herbal_natural
banana smoothie,treatment_herbal_natural
Spatone,treatment_herbal_natural
Ginger,treatment_herbal_natural
peppermint tea,treatment_herbal_natural
Oregano,treatment_herbal_natural
Medicinal Herb,treatment_herbal_natural
Essential oils,treatment_herbal_natural
tumeric and ginger,treatment_herbal_natural
Fungizone,treatment_herbal_natural
Chinese Herbs,treatment_herbal_natural
elderberry extract,treatment_herbal_natural
wild flower honey,treatment_herbal_natural
Mirena,treatment_herbal_natural
humana tea,treatment_herbal_natural
Green Tea + Macha,treatment_herbal_natural
Citrus pectin,treatment_herbal_natural
Passion Flower,treatment_herbal_natural
Cinnamon leaf oil,treatment_herbal_natural
cinnamon,treatment_herbal_natural
passionflower tea,treatment_herbal_natural
Papaya,treatment_herbal_natural
Peppermint oil,treatment_herbal_natural
Blackcurrant Oil,treatment_herbal_natural
ivy extract,treatment_herbal_natural
rosea cream,treatment_herbal_natural
Chamomile Tea,treatment_herbal_natural
Rhodalia Rosea,treatment_herbal_natural
Berberine,treatment_herbal_natural
Black seed oil capsules,treatment_herbal_natural
Artichoke extract,treatment_herbal_natural
Curcumin turmeric,treatment_herbal_natural
Flax oil,treatment_herbal_natural
evenin primrose oil,treatment_herbal_natural
Milk thistle extract,treatment_herbal_natural
lemongrass oil ,treatment_herbal_natural
Ginseng Extract,treatment_herbal_natural
Red yeast rice,treatment_herbal_natural
Coffee,treatment_herbal_natural
Kombucha tea,treatment_herbal_natural
Tart Cherry Juice,treatment_herbal_natural
Medicinal Herbs,treatment_herbal_natural
Lemon,treatment_herbal_natural
Ginkgo,treatment_herbal_natural
Cranberry,treatment_herbal_natural
Ultimate flora,treatment_herbal_natural
ginger capsules,treatment_herbal_natural
FloraFemme,treatment_herbal_natural
Arnica montana flower extract,treatment_herbal_natural
yeast buster tea,treatment_herbal_natural
"garlic, parsley, cayenne pepper",treatment_herbal_natural
Korean Ginseng,treatment_herbal_natural
Coconut oil,treatment_herbal_natural
Bromelain,treatment_herbal_natural
Cream,treatment_herbal_natural
flower üå±,treatment_herbal_natural
Chewable ginger,treatment_herbal_natural
Hawthorn berry,treatment_herbal_natural
turmeric paste,treatment_herbal_natural
Clarytyne,treatment_herbal_natural
Forever Aloe Berry,treatment_herbal_natural
Lavender/Earl Grey tea,treatment_herbal_natural
Moringa,treatment_herbal_natural
Flaxseed oil,treatment_herbal_natural
chia seeds,treatment_herbal_natural
Turmeric extract 95%,treatment_herbal_natural
peppermint oil steam,treatment_herbal_natural
Licorice extract,treatment_herbal_natural
Clove oil,treatment_herbal_natural
Burbur leaf extract,treatment_herbal_natural
Flaxseed,treatment_herbal_natural
HERBS,treatment_herbal_natural
Oilatum Cream,treatment_herbal_natural
Sunflower lecithin,treatment_herbal_natural
Garlic extract,treatment_herbal_natural
samento bark extract,treatment_herbal_natural
rhodiola rosea,treatment_herbal_natural
Dandelion tea,treatment_herbal_natural
Crystalized ginger,treatment_herbal_natural
"turmeric, ginger, cayenne supplement",treatment_herbal_natural
Black Spanish Radish,treatment_herbal_natural
Elderberry,treatment_herbal_natural
Oil of Oregano,treatment_herbal_natural
Turmeric,treatment_herbal_natural
Wheatgrass,treatment_herbal_natural
Schisandra,treatment_herbal_natural
Hawthorne Tea,treatment_herbal_natural
Ginger root,treatment_herbal_natural
Lavender essential oil,treatment_herbal_natural
wild orange oil ,treatment_herbal_natural
Nutrasea Fish Oil,treatment_herbal_natural
ground ginger,treatment_herbal_natural
Berberine + Grapefruite seed,treatment_herbal_natural
Origanum Oil,treatment_herbal_natural
Peppermint,treatment_herbal_natural
Valeriana,treatment_herbal_natural
Baicalin,treatment_herbal_natural
turmeric curcumin,treatment_herbal_natural
candy,treatment_herbal_natural
Wine,treatment_herbal_natural
Artemisia + Clove,treatment_herbal_natural
Pectin,treatment_herbal_natural
ginger ale,treatment_herbal_natural
Olive leaf extract,treatment_herbal_natural
Dafalgan,treatment_herbal_natural
ginger gravol,treatment_herbal_natural
Houttuynia Nutramedix Extract,treatment_herbal_natural
Phytaxil,treatment_herbal_natural
red wine,treatment_herbal_natural
stomach herbs ,treatment_herbal_natural
Black tea,treatment_herbal_natural
Frankincense,treatment_herbal_natural
Honey Lavender ,treatment_herbal_natural
kalium,treatment_herbal_natural
wild oregano,treatment_herbal_natural
Rose Buds,treatment_herbal_natural
Indica,treatment_herbal_natural
Cloves,treatment_herbal_natural
Liquid Turmeric Extract Tincture ,treatment_herbal_natural
Elderberries,treatment_herbal_natural
Capsaicin,treatment_herbal_natural
ginseng,treatment_herbal_natural
"Ginseng, american",treatment_herbal_natural
oregano extract,treatment_herbal_natural
lactibian candi,treatment_herbal_natural
CosmoCol,treatment_herbal_natural
peppermint mints,treatment_herbal_natural
Grapeseed Extract,treatment_herbal_natural
spearmint tea,treatment_herbal_natural
black seed oil,treatment_herbal_natural
Parsley,treatment_herbal_natural
Milk thistle,treatment_herbal_natural
Licorice root,treatment_herbal_natural
Curcumin Tumeric,treatment_herbal_natural
peppermint spirits,treatment_herbal_natural
kukicha tea,treatment_herbal_natural
Green coffee,treatment_herbal_natural
Lemon balm,treatment_herbal_natural
bitter cherry,treatment_herbal_natural
Ground Cinnamon,treatment_herbal_natural
Budenofalk,treatment_herbal_natural
seaweed,treatment_herbal_natural
pine bark,treatment_herbal_natural
candida bactin ar,treatment_herbal_natural
Organic black seed oil,treatment_herbal_natural
Turmeric whole herb,treatment_herbal_natural
virgin olive oil,treatment_herbal_natural
matcha green tea,treatment_herbal_natural
Licorice,treatment_herbal_natural
nutrison soya,treatment_herbal_natural
kale smoothie,treatment_herbal_natural
Quercetin Phytisome,treatment_herbal_natural
Ginger extract,treatment_herbal_natural
magneisum,treatment_herbal_natural
candida bactin br,treatment_herbal_natural
doterra lavender ,treatment_herbal_natural
Turmeric supplement,treatment_herbal_natural
Rogaine,treatment_herbal_natural
cayenne tea,treatment_herbal_natural
Flower Essences,treatment_herbal_natural
Curcumin/Ginger,treatment_herbal_natural
Tumeric Herbal Tea,treatment_herbal_natural
kali phisphoricum,treatment_herbal_natural
Black Elderberry Tincture,treatment_herbal_natural
Candida Herbs,treatment_herbal_natural
Echinacea angustifolia extract,treatment_herbal_natural
cran flora,treatment_herbal_natural
doterra peppermint ,treatment_herbal_natural
Flax seed,treatment_herbal_natural
Maganesium,treatment_herbal_natural
Olive oil,treatment_herbal_natural
natrum muriaticum,treatment_herbal_natural
red bull,treatment_herbal_natural
Red Panax Ginseng Extract,treatment_herbal_natural
Floragen 3,treatment_herbal_natural
Milk Thistle (Jarrow Formula),treatment_herbal_natural
maqui berry,treatment_herbal_natural
Black Garlic,treatment_herbal_natural
Echinacea purpurea extract,treatment_herbal_natural
Red tea,treatment_herbal_natural
Lavender oil,treatment_herbal_natural
Synthroid,treatment_hormone_endocrine
Thyroid 130,treatment_hormone_endocrine
Thyroid calm,treatment_hormone_endocrine
Hormones,treatment_hormone_endocrine
hormone cream,treatment_hormone_endocrine
Topical Estrogen,treatment_hormone_endocrine
Estrogen Phenolic,treatment_hormone_endocrine
Nuvaring,treatment_hormone_endocrine
Levothyroxine,treatment_hormone_endocrine
L-Thyroxin,treatment_hormone_endocrine
levothyrone T3,treatment_hormone_endocrine
Thyme,treatment_hormone_endocrine
Thyroid Armour,treatment_hormone_endocrine
thyrotropin,treatment_hormone_endocrine
Thyroid NP,treatment_hormone_endocrine
herbal thyroid support,treatment_hormone_endocrine
Levothyroxin,treatment_hormone_endocrine
birth control,treatment_hormone_endocrine
thyroid meds,treatment_hormone_endocrine
predisonal ,treatment_hormone_endocrine
Oestrogen,treatment_hormone_endocrine
hormonal/adrenal tincture,treatment_hormone_endocrine
Erfa thyroid,treatment_hormone_endocrine
L-thyroxine,treatment_hormone_endocrine
Steroid,treatment_hormone_endocrine
happy hormones,treatment_hormone_endocrine
steroid shot,treatment_hormone_endocrine
Human Growth Hormone,treatment_hormone_endocrine
Ethinyl estradiol,treatment_hormone_endocrine
estrogen,treatment_hormone_endocrine
Thyronorm,treatment_hormone_endocrine
thyroid support,treatment_hormone_endocrine
thyroid supplement ,treatment_hormone_endocrine
Thyroid-Pro,treatment_hormone_endocrine
Hormonal balance pill,treatment_hormone_endocrine
Prenatal,treatment_hormone_endocrine
Ortho cyclen,treatment_hormone_endocrine
Armour thyroid,treatment_hormone_endocrine
Hormone -Am,treatment_hormone_endocrine
Sexual hormone spray,treatment_hormone_endocrine
Thyroid,treatment_hormone_endocrine
Steroids,treatment_hormone_endocrine
nature throid,treatment_hormone_endocrine
Wp thyroid,treatment_hormone_endocrine
Progesterone Cream,treatment_hormone_endocrine
hormonal treatment (pills),treatment_hormone_endocrine
Thyroid-Pro (CanPrev),treatment_hormone_endocrine
Thyroxine,treatment_hormone_endocrine
Testosterone,treatment_hormone_endocrine
Thyroid (usp),treatment_hormone_endocrine
Thyrostim,treatment_hormone_endocrine
Testosterone Enanthate 50mg,treatment_hormone_endocrine
testosterone cream,treatment_hormone_endocrine
prosol low thyroid,treatment_hormone_endocrine
Testosterone Enanthate 87.5mg,treatment_hormone_endocrine
hormonal contraceptive,treatment_hormone_endocrine
thyroid synergy supplement,treatment_hormone_endocrine
Progesterone pessarie,treatment_hormone_endocrine
Contraceptive pill,treatment_hormone_endocrine
Pure Thyro,treatment_hormone_endocrine
Thyroid Care,treatment_hormone_endocrine
Progesterone,treatment_hormone_endocrine
Bioidentical hormone pellet,treatment_hormone_endocrine
Thytrophin PMG,treatment_hormone_endocrine
herbal hormone support,treatment_hormone_endocrine
Dess. Thyroid,treatment_hormone_endocrine
Thyroxin,treatment_hormone_endocrine
Thyroid by Erfa,treatment_hormone_endocrine
Estradiol,treatment_hormone_endocrine
Amour thyroid ,treatment_hormone_endocrine
hormone control,treatment_hormone_endocrine
Testosterone Dose Day,treatment_hormone_endocrine
NP thyroid,treatment_hormone_endocrine
steroid pill,treatment_hormone_endocrine
Menopace,treatment_hormone_endocrine
Testosterone Enanthate 75mg,treatment_hormone_endocrine
Thyreoidum,treatment_hormone_endocrine
Medroxyprogesterone,treatment_hormone_endocrine
Birth Control Pill,treatment_hormone_endocrine
Corticosteroids,treatment_immune_autoimmune
prednisilone ,treatment_immune_autoimmune
cortis√©dermyl,treatment_immune_autoimmune
Prevacid,treatment_immune_autoimmune
prednisone 50,treatment_immune_autoimmune
prednisone 2.5 mg AM,treatment_immune_autoimmune
EFFIPRED (Prednisolone),treatment_immune_autoimmune
Perdnisone,treatment_immune_autoimmune
Prednisolone,treatment_immune_autoimmune
cortico√èdes,treatment_immune_autoimmune
prednisone 2.5 mg PM,treatment_immune_autoimmune
Cosentyx,treatment_immune_autoimmune
Prednisone 50mg,treatment_immune_autoimmune
novothyral,treatment_immune_autoimmune
Sulphasalazine,treatment_immune_autoimmune
Prednisone 25 mg,treatment_immune_autoimmune
Prednisolone Suspension 1%,treatment_immune_autoimmune
montalukast,treatment_immune_autoimmune
prednisone 10mg,treatment_immune_autoimmune
Prednisone,treatment_immune_autoimmune
prednisone 40mg,treatment_immune_autoimmune
Cytomel,treatment_immune_autoimmune
vit c/glutithione,treatment_immune_autoimmune
anti histom,treatment_immune_autoimmune
Copaxone,treatment_immune_autoimmune
hydrocortisone 2.5 mg,treatment_immune_autoimmune
hydrocortisone cream,treatment_immune_autoimmune
topical steriods,treatment_immune_autoimmune
cortisone cteam,treatment_immune_autoimmune
Cortisone,treatment_immune_autoimmune
Morning  cytomel,treatment_immune_autoimmune
prednisone 5mg,treatment_immune_autoimmune
rheumate,treatment_immune_autoimmune
tafeltennis,treatment_immune_autoimmune
mirilax,treatment_immune_autoimmune
prednisolone tablets,treatment_immune_autoimmune
hydrocortisone suppository ,treatment_immune_autoimmune
Prednisone 10 mg,treatment_immune_autoimmune
Prednisone 20mg,treatment_immune_autoimmune
prenisone,treatment_immune_autoimmune
cortisone10 mg,treatment_immune_autoimmune
Cortisone shot,treatment_immune_autoimmune
salofalk,treatment_immune_autoimmune
Adrenotone,treatment_immune_autoimmune
miladregen,treatment_immune_autoimmune
hydrocortison ,treatment_immune_autoimmune
methylprednisolon,treatment_immune_autoimmune
Prednisone 15mg ,treatment_immune_autoimmune
Tacrolimus,treatment_immune_autoimmune
Seromycin,treatment_immune_autoimmune
ImmunoStim,treatment_immune_autoimmune
prednisona,treatment_immune_autoimmune
Khapregesic,treatment_immune_autoimmune
prednosolone,treatment_immune_autoimmune
sterdex,treatment_immune_autoimmune
Glucophage,treatment_immune_autoimmune
Covocort,treatment_immune_autoimmune
Methylprednisolone,treatment_immune_autoimmune
cortisone 5mg,treatment_immune_autoimmune
Cellcept,treatment_immune_autoimmune
cortisone 20mg,treatment_immune_autoimmune
prednisone 1mg,treatment_immune_autoimmune
homeopathic medicine,treatment_immune_autoimmune
Cellenzym,treatment_immune_autoimmune
Cyclosporine,treatment_immune_autoimmune
Fludrocortisone,treatment_immune_autoimmune
ocrevus,treatment_immune_autoimmune
up-dosed hydrocortisone ,treatment_immune_autoimmune
Hydrocortisone,treatment_immune_autoimmune
sumatriptan injection,treatment_infusions_injections
B-12 injection,treatment_infusions_injections
testosterone injection .6,treatment_infusions_injections
flu vaccine injection,treatment_infusions_injections
bloodtransfusions,treatment_infusions_injections
Gravol (IM injection),treatment_infusions_injections
Depo-medrol injection,treatment_infusions_injections
IV Antibiotics,treatment_infusions_injections
methotrexate injection,treatment_infusions_injections
Saline infusion,treatment_infusions_injections
iv saline,treatment_infusions_injections
magnesium sulphate injection,treatment_infusions_injections
Milgamma¬Æ intramuscular injection,treatment_infusions_injections
liquid iv,treatment_infusions_injections
vaccinations,treatment_infusions_injections
Saline IV,treatment_infusions_injections
Immunace extra ,treatment_infusions_injections
b12 injection,treatment_infusions_injections
IV fluids,treatment_infusions_injections
Injections,treatment_infusions_injections
iron infusions,treatment_infusions_injections
tramadol injection subq,treatment_infusions_injections
growth hormone injections,treatment_infusions_injections
IGG infusions,treatment_infusions_injections
c1 Inhibitor  infusion,treatment_infusions_injections
Immunotherapy,treatment_infusions_injections
iv infusion,treatment_infusions_injections
Iron Infusion,treatment_infusions_injections
B 12 injection,treatment_infusions_injections
IVIG,treatment_infusions_injections
estrodial 10mg insert,treatment_infusions_injections
Sustanon injection,treatment_infusions_injections
vitamin b12 injection,treatment_infusions_injections
IV meds ,treatment_infusions_injections
steroid injection,treatment_infusions_injections
IV hydration,treatment_infusions_injections
B12 injections,treatment_infusions_injections
steroid injections,treatment_infusions_injections
Blood Builder,treatment_infusions_injections
Occupational Therapy,treatment_medical_appointments
Follow-up doctors' appointments,treatment_medical_appointments
Dermatologist,treatment_medical_appointments
Medical M,treatment_medical_appointments
gp,treatment_medical_appointments
Biomedic,treatment_medical_appointments
Doctor appointment,treatment_medical_appointments
Dr. Knowles,treatment_medical_appointments
cfs clinic,treatment_medical_appointments
psychiatrists,treatment_medical_appointments
therapy session,treatment_medical_appointments
psychologist,treatment_medical_appointments
Talk Therapy,treatment_medical_appointments
Day Nurse,treatment_medical_appointments
Group therapy,treatment_medical_appointments
Dr J study,treatment_medical_appointments
counselor,treatment_medical_appointments
Ginko Biloba,treatment_neuropathic_anticonvulsant
zactin,treatment_neuropathic_anticonvulsant
Tigovit,treatment_neuropathic_anticonvulsant
mebeverin,treatment_neuropathic_anticonvulsant
Gabapentin PRN,treatment_neuropathic_anticonvulsant
Tilidin Tropfen,treatment_neuropathic_anticonvulsant
Cannabomega,treatment_neuropathic_anticonvulsant
Seabuckthorn,treatment_neuropathic_anticonvulsant
Gabapentin,treatment_neuropathic_anticonvulsant
Gabepentin ,treatment_neuropathic_anticonvulsant
Lamotrigine,treatment_neuropathic_anticonvulsant
2nd gabapentin ,treatment_neuropathic_anticonvulsant
codein,treatment_neuropathic_anticonvulsant
lamotrigin,treatment_neuropathic_anticonvulsant
Robaxin,treatment_neuropathic_anticonvulsant
Gabapentin night ,treatment_neuropathic_anticonvulsant
Gabapentin 300 MG,treatment_neuropathic_anticonvulsant
gabupentin,treatment_neuropathic_anticonvulsant
Gabapentin 800,treatment_neuropathic_anticonvulsant
tegretol 8am,treatment_neuropathic_anticonvulsant
Topamax,treatment_neuropathic_anticonvulsant
Tizanadine,treatment_neuropathic_anticonvulsant
Neurontin,treatment_neuropathic_anticonvulsant
lamotrogine,treatment_neuropathic_anticonvulsant
Lyrica Matin,treatment_neuropathic_anticonvulsant
Novalgin,treatment_neuropathic_anticonvulsant
Flexiban,treatment_neuropathic_anticonvulsant
gebapantin,treatment_neuropathic_anticonvulsant
paraglabin,treatment_neuropathic_anticonvulsant
gavapentin,treatment_neuropathic_anticonvulsant
Tizanidine,treatment_neuropathic_anticonvulsant
Gabapentin x 2,treatment_neuropathic_anticonvulsant
Tegretol,treatment_neuropathic_anticonvulsant
Aleve PM,treatment_pain_antiinflammatory
enteric aspirin,treatment_pain_antiinflammatory
Tramadol retard,treatment_pain_antiinflammatory
Paracetamol/asprin/caffine,treatment_pain_antiinflammatory
Fat ibuprofen,treatment_pain_antiinflammatory
Tylenol sinus,treatment_pain_antiinflammatory
Tylenol 500 mg,treatment_pain_antiinflammatory
tramadol 200mg,treatment_pain_antiinflammatory
paracetamol/codeine,treatment_pain_antiinflammatory
OxyNorm Capsules,treatment_pain_antiinflammatory
ibubrufen,treatment_pain_antiinflammatory
Narcotics,treatment_pain_antiinflammatory
Painkiller,treatment_pain_antiinflammatory
Excedrin (Migraine),treatment_pain_antiinflammatory
fenytoin,treatment_pain_antiinflammatory
oxcycodone,treatment_pain_antiinflammatory
dexafree,treatment_pain_antiinflammatory
Tylenol complete - day,treatment_pain_antiinflammatory
c-ketotifen,treatment_pain_antiinflammatory
tylenol 600,treatment_pain_antiinflammatory
Tramadol (2nd dose),treatment_pain_antiinflammatory
Morphine sulfate,treatment_pain_antiinflammatory
myadol,treatment_pain_antiinflammatory
morphine bomb. essential oils,treatment_pain_antiinflammatory
otc creams ,treatment_pain_antiinflammatory
Ibuprofein ,treatment_pain_antiinflammatory
opiate,treatment_pain_antiinflammatory
Oxycondon,treatment_pain_antiinflammatory
Ibuprofen kodein,treatment_pain_antiinflammatory
"Excedrin Migraine, Extra Strength (250mg Tylenol; 250mg Aspirin)",treatment_pain_antiinflammatory
Advil 600 Mg,treatment_pain_antiinflammatory
Tylenol #3,treatment_pain_antiinflammatory
analgesics,treatment_pain_antiinflammatory
morphine syrup,treatment_pain_antiinflammatory
tramadol 50 mg,treatment_pain_antiinflammatory
 cuprofen,treatment_pain_antiinflammatory
Acetaminophen (Tylenol),treatment_pain_antiinflammatory
Acetaminofen,treatment_pain_antiinflammatory
Topical pain relief,treatment_pain_antiinflammatory
painkiller vaporizer,treatment_pain_antiinflammatory
opioid,treatment_pain_antiinflammatory
Oxycod/Acetaminophen 10/325,treatment_pain_antiinflammatory
Codeine with Ibuprofen,treatment_pain_antiinflammatory
paracetamol plus codeine,treatment_pain_antiinflammatory
Advils Caplets 800 mgs each time.,treatment_pain_antiinflammatory
Firbo Pain Drops (NR),treatment_pain_antiinflammatory
advil and tylenol mix,treatment_pain_antiinflammatory
codeine and iboprufen,treatment_pain_antiinflammatory
apo-tramadol,treatment_pain_antiinflammatory
Excedrin pm,treatment_pain_antiinflammatory
Aspirin 75mg,treatment_pain_antiinflammatory
Daytime tylenol,treatment_pain_antiinflammatory
Motrin 200mg,treatment_pain_antiinflammatory
Vicodin - 1/4 - 1/2,treatment_pain_antiinflammatory
Acetaminophen Codiene For Pain,treatment_pain_antiinflammatory
Advil pm liqui gels,treatment_pain_antiinflammatory
Morphine IR,treatment_pain_antiinflammatory
Advil migraine,treatment_pain_antiinflammatory
combogesic,treatment_pain_antiinflammatory
panadol and codiene,treatment_pain_antiinflammatory
iburprofen,treatment_pain_antiinflammatory
advil extra strength,treatment_pain_antiinflammatory
Panadol Normal,treatment_pain_antiinflammatory
pain salve,treatment_pain_antiinflammatory
morphine patches,treatment_pain_antiinflammatory
oral morphine,treatment_pain_antiinflammatory
Vicoprofen,treatment_pain_antiinflammatory
Ibuprofen (400mg),treatment_pain_antiinflammatory
ibrufen,treatment_pain_antiinflammatory
pain gel,treatment_pain_antiinflammatory
tylenol 4,treatment_pain_antiinflammatory
Nicardipine,treatment_pain_antiinflammatory
nsaid,treatment_pain_antiinflammatory
Oxytocin,treatment_pain_antiinflammatory
Ibuprofen 800mg,treatment_pain_antiinflammatory
tramadol 150mg,treatment_pain_antiinflammatory
Tylenol and Ultram,treatment_pain_antiinflammatory
Oxycodone-Acetaminophen,treatment_pain_antiinflammatory
morphine 30mg,treatment_pain_antiinflammatory
Ibuprofen codeine ,treatment_pain_antiinflammatory
Dextroamphetamine Sulfate ER Sprinke 15 mg,treatment_pain_antiinflammatory
balcofen ,treatment_pain_antiinflammatory
tramadol LP,treatment_pain_antiinflammatory
oxycodone 15mg,treatment_pain_antiinflammatory
Tramadol HCL 50 mg,treatment_pain_antiinflammatory
Tramadol FR,treatment_pain_antiinflammatory
Tramado,treatment_pain_antiinflammatory
paracetamol + codeine,treatment_pain_antiinflammatory
Oxycodone liquid ,treatment_pain_antiinflammatory
Tramadol/acetaminophn,treatment_pain_antiinflammatory
Durogesic,treatment_pain_antiinflammatory
Advil liquid gels,treatment_pain_antiinflammatory
oxycodone ER,treatment_pain_antiinflammatory
"Medication tx  Pred, Vic, Robaxin",treatment_pain_antiinflammatory
Tylenol 325 mgs X 2,treatment_pain_antiinflammatory
amatriptyline baclofen cream,treatment_pain_antiinflammatory
Oxycodone Liquid 100ml,treatment_pain_antiinflammatory
hydrocodone-acetaminophen,treatment_pain_antiinflammatory
morphine 15mg,treatment_pain_antiinflammatory
Ibuprofen 400mg PRN,treatment_pain_antiinflammatory
opium tincture,treatment_pain_antiinflammatory
Ibuprofen,treatment_pain_antiinflammatory
Flurbiprofen,treatment_pain_antiinflammatory
Tylenol arthritis,treatment_pain_antiinflammatory
neurofen plus,treatment_pain_antiinflammatory
Pain management,treatment_pain_antiinflammatory
Vicodin,treatment_pain_antiinflammatory
ketoprofen cream,treatment_pain_antiinflammatory
oxycodone lp,treatment_pain_antiinflammatory
Motrin,treatment_pain_antiinflammatory
tramadol for pain relief ,treatment_pain_antiinflammatory
Sudafed,treatment_pain_antiinflammatory
pain patch,treatment_pain_antiinflammatory
Tylenol pm,treatment_pain_antiinflammatory
Fentanyl Patch,treatment_pain_antiinflammatory
"over the counter pain medicine (ex: Tylenol, ibprofen, etc.)",treatment_pain_antiinflammatory
Codeine-Panadol,treatment_pain_antiinflammatory
paracetamol 1000mg,treatment_pain_antiinflammatory
vicks,treatment_pain_antiinflammatory
ibuprofen lysine,treatment_pain_antiinflammatory
ibprofen,treatment_pain_antiinflammatory
Pain meds,treatment_pain_antiinflammatory
Morphine,treatment_pain_antiinflammatory
Buprenorphine,treatment_pain_antiinflammatory
tylenol/advil,treatment_pain_antiinflammatory
Fentanyl,treatment_pain_antiinflammatory
Tylenol with codeine,treatment_pain_antiinflammatory
Oxycodone,treatment_pain_antiinflammatory
Over the counter pain killers,treatment_pain_antiinflammatory
Fenofibrate,treatment_pain_antiinflammatory
Ibuprofen gel,treatment_pain_antiinflammatory
Painkillers,treatment_pain_antiinflammatory
Paracetamol / Acetaminophen,treatment_pain_antiinflammatory
Oxycodone Shortec,treatment_pain_antiinflammatory
ibroprofen,treatment_pain_antiinflammatory
Ketotifeno,treatment_pain_antiinflammatory
Baby aspirin,treatment_pain_antiinflammatory
Ibuprofen 600mg,treatment_pain_antiinflammatory
pain cream compounded,treatment_pain_antiinflammatory
Extra strength tylenol,treatment_pain_antiinflammatory
morphine mst ,treatment_pain_antiinflammatory
Pain Killer PM,treatment_pain_antiinflammatory
Fenofexadine,treatment_pain_antiinflammatory
tramodol,treatment_pain_antiinflammatory
exedrin,treatment_pain_antiinflammatory
Vicks Sinex,treatment_pain_antiinflammatory
Tylenol 2,treatment_pain_antiinflammatory
Oxycontin,treatment_pain_antiinflammatory
Tylenol 1,treatment_pain_antiinflammatory
Ibuprofen Extra,treatment_pain_antiinflammatory
Low dose pain meds,treatment_pain_antiinflammatory
ibuprofen 400mg,treatment_pain_antiinflammatory
Analgesic,treatment_pain_antiinflammatory
Afrin,treatment_pain_antiinflammatory
Tramadol SR,treatment_pain_antiinflammatory
Ibruprofen,treatment_pain_antiinflammatory
Neurofen,treatment_pain_antiinflammatory
acetaminophen caffeine,treatment_pain_antiinflammatory
Ibuprofen 600,treatment_pain_antiinflammatory
OxyContin 10mg,treatment_pain_antiinflammatory
Tylenol 3,treatment_pain_antiinflammatory
Hydrocodone Acetaminophen,treatment_pain_antiinflammatory
ibroprufen,treatment_pain_antiinflammatory
Paracetamol and codeine,treatment_pain_antiinflammatory
Excedrin,treatment_pain_antiinflammatory
panadol extra,treatment_pain_antiinflammatory
Pain Medication,treatment_pain_antiinflammatory
Ketoprofen,treatment_pain_antiinflammatory
Aleve,treatment_pain_antiinflammatory
Panadol,treatment_pain_antiinflammatory
ibuprofen 800,treatment_pain_antiinflammatory
low dose chewable aspirin,treatment_pain_antiinflammatory
Panadol-Codine,treatment_pain_antiinflammatory
Naltrexone,treatment_pain_antiinflammatory
Advil,treatment_pain_antiinflammatory
sudafed 30 mg,treatment_pain_antiinflammatory
Morphine bomb,treatment_pain_antiinflammatory
Tramadol Soir,treatment_pain_antiinflammatory
Pain Medicine,treatment_pain_antiinflammatory
Topical ibuprofen,treatment_pain_antiinflammatory
Tramadol Matin,treatment_pain_antiinflammatory
advil 2,treatment_pain_antiinflammatory
ibuprofene,treatment_pain_antiinflammatory
OxyContin 20mg,treatment_pain_antiinflammatory
Morphine ER,treatment_pain_antiinflammatory
OxyContin 30mg,treatment_pain_antiinflammatory
Paracetamol 500,treatment_pain_antiinflammatory
Ketotifen,treatment_pain_antiinflammatory
Hydrocodone,treatment_pain_antiinflammatory
Tylenol,treatment_pain_antiinflammatory
Pain Cream,treatment_pain_antiinflammatory
Tramadol,treatment_pain_antiinflammatory
Tramadol (vanlig),treatment_pain_antiinflammatory
Paracetamol,treatment_pain_antiinflammatory
Norgesic,treatment_pain_antiinflammatory
NSAIDS,treatment_pain_antiinflammatory
Advil pm,treatment_pain_antiinflammatory
Pain Pill,treatment_pain_antiinflammatory
Acetaminophen,treatment_pain_antiinflammatory
IBS meds,treatment_pain_antiinflammatory
Norspan (bandaid painkiller),treatment_pain_antiinflammatory
extra ketotifen,treatment_pain_antiinflammatory
Amitriptyline-baclofen cream,treatment_pain_antiinflammatory
tylenol extra strength ,treatment_pain_antiinflammatory
cocodamol,treatment_pain_antiinflammatory
low dose aspirin,treatment_pain_antiinflammatory
panadol with codeine,treatment_pain_antiinflammatory
Ibuprofen 800 mg,treatment_pain_antiinflammatory
Paracetamol with codeine,treatment_pain_antiinflammatory
Tramadol ER,treatment_pain_antiinflammatory
aspirin low dose,treatment_pain_antiinflammatory
OxyContin 15mg,treatment_pain_antiinflammatory
prescription pain medicine,treatment_pain_antiinflammatory
pain pills,treatment_pain_antiinflammatory
OTC Painkillers,treatment_pain_antiinflammatory
ibuprofen 200 mg,treatment_pain_antiinflammatory
ibprofen and codeine,treatment_pain_antiinflammatory
Naprogesic,treatment_pain_antiinflammatory
Aspirin,treatment_pain_antiinflammatory
pain killers,treatment_pain_antiinflammatory
Analgesia,treatment_pain_antiinflammatory
Crutches,treatment_physical_rehab
massage chair,treatment_physical_rehab
Wheelchair,treatment_physical_rehab
Physical therapy exercises,treatment_physical_rehab
Cardio,treatment_physical_rehab
Pelvic squeeze,treatment_physical_rehab
spine stimulator,treatment_physical_rehab
Used wheelchair,treatment_physical_rehab
back or hip braces,treatment_physical_rehab
TENS Machine,treatment_physical_rehab
Light Excercise,treatment_physical_rehab
Strength Training,treatment_physical_rehab
exercise‚Äîclimbing,treatment_physical_rehab
Wrist brace,treatment_physical_rehab
weight lifting - back exercises,treatment_physical_rehab
self physical  therapy,treatment_physical_rehab
shoulder stretching,treatment_physical_rehab
Gentle exercise,treatment_physical_rehab
weight training,treatment_physical_rehab
Neck exercises,treatment_physical_rehab
Abdominal compression,treatment_physical_rehab
elbow brace,treatment_physical_rehab
Orthotics,treatment_physical_rehab
AM: Pilates,treatment_physical_rehab
big back roller ,treatment_physical_rehab
Treadmill,treatment_physical_rehab
Physio stretching,treatment_physical_rehab
physio exercises ,treatment_physical_rehab
neck stretch,treatment_physical_rehab
weightlifting,treatment_physical_rehab
exercise reps,treatment_physical_rehab
outdoor exercise,treatment_physical_rehab
Kinesiotherapy,treatment_physical_rehab
exercise - gym,treatment_physical_rehab
Braces or bandages,treatment_physical_rehab
Feet numb,treatment_physical_rehab
neck raises,treatment_physical_rehab
body pump,treatment_physical_rehab
moderate exercise,treatment_physical_rehab
Exercise- Strength training,treatment_physical_rehab
CrossFit,treatment_physical_rehab
Chiropractor,treatment_physical_rehab
Kinesiology,treatment_physical_rehab
walk,treatment_physical_rehab
gym,treatment_physical_rehab
gym workout,treatment_physical_rehab
Shoulder exercise,treatment_physical_rehab
Brace,treatment_physical_rehab
pilates stretch,treatment_physical_rehab
ice lower back ,treatment_physical_rehab
exercise bike,treatment_physical_rehab
physio therapy,treatment_physical_rehab
Piriformis stretch,treatment_physical_rehab
Walk Aerobics,treatment_physical_rehab
light workout,treatment_physical_rehab
Foam Roller,treatment_physical_rehab
Home physio exercises,treatment_physical_rehab
kinesiology tape,treatment_physical_rehab
exercise cardio,treatment_physical_rehab
OT exercises,treatment_physical_rehab
neck brace,treatment_physical_rehab
Pilates: reformer,treatment_physical_rehab
Ligament Restore,treatment_physical_rehab
Physical activity,treatment_physical_rehab
light exercise,treatment_physical_rehab
Wrist Braces,treatment_physical_rehab
weight lifting,treatment_physical_rehab
Spinning,treatment_physical_rehab
exercise - cardio,treatment_physical_rehab
muscle roller,treatment_physical_rehab
Movement,treatment_physical_rehab
Kinesiotape,treatment_physical_rehab
fiber therapy,treatment_physical_rehab
rubberband exercises,treatment_physical_rehab
exercise‚Äîweights,treatment_physical_rehab
workout,treatment_physical_rehab
Foot rub,treatment_physical_rehab
Back brace,treatment_physical_rehab
Hip exercises,treatment_physical_rehab
PT Exercises,treatment_physical_rehab
Exercise - resistance,treatment_physical_rehab
exercise‚Äîcardio,treatment_physical_rehab
back exercises,treatment_physical_rehab
pilates,treatment_physical_rehab
walking adjusted,treatment_physical_rehab
wrist pt,treatment_physical_rehab
Pelvic floor therapy,treatment_physical_rehab
hand splint,treatment_physical_rehab
Physiotherapy,treatment_physical_rehab
Wristies,treatment_physical_rehab
braces,treatment_physical_rehab
fitness,treatment_physical_rehab
compression clothes,treatment_physical_rehab
Compression gloves,treatment_physical_rehab
physical therapy,treatment_physical_rehab
Walking,treatment_physical_rehab
Exercise--walking,treatment_physical_rehab
Osteopathy,treatment_physical_rehab
Splints,treatment_physical_rehab
Acupressure,treatment_physical_rehab
Rowing,treatment_physical_rehab
neck stretches,treatment_physical_rehab
tramagetic,treatment_physical_rehab
Worked out weights,treatment_physical_rehab
Stretching,treatment_physical_rehab
stretches,treatment_physical_rehab
Excercise--sitting,treatment_physical_rehab
Chiropractic,treatment_physical_rehab
exercise--other,treatment_physical_rehab
compression arm sleeves,treatment_physical_rehab
rest foot on pillow,treatment_physical_rehab
Compression socks,treatment_physical_rehab
neck traction,treatment_physical_rehab
Calf stretches,treatment_physical_rehab
Physio,treatment_physical_rehab
Rowing machine,treatment_physical_rehab
Knee brace,treatment_physical_rehab
Compression Stockings,treatment_physical_rehab
Roll out legs/hips,treatment_physical_rehab
shoulder training,treatment_physical_rehab
"Sun Salutations, push ups.",treatment_physical_rehab
Phyical Therapy - stretches,treatment_physical_rehab
Excercise,treatment_physical_rehab
Time Stretching,treatment_physical_rehab
Elbow Braces,treatment_physical_rehab
cross training,treatment_physical_rehab
neuromuscular massage,treatment_physical_rehab
Exercise: Body Pump,treatment_physical_rehab
Chiropractic adjustment,treatment_physical_rehab
More stretching,treatment_physical_rehab
Stretches/core strengtheing ,treatment_physical_rehab
exercise‚Äîrunning,treatment_physical_rehab
foot brace,treatment_physical_rehab
Chest Physiotherapy,treatment_physical_rehab
weights,treatment_physical_rehab
Knee braces,treatment_physical_rehab
Spinal Decompression,treatment_physical_rehab
Exercise,treatment_physical_rehab
heat lower back ,treatment_physical_rehab
Ankle brace,treatment_physical_rehab
Cardio Exercise,treatment_physical_rehab
Strength Exercise,treatment_physical_rehab
Compression Tights,treatment_physical_rehab
exercise 60 minutes,treatment_physical_rehab
hip abduction,treatment_physical_rehab
exercise - dancing,treatment_physical_rehab
work out,treatment_physical_rehab
splint,treatment_physical_rehab
Knee to shoulder stretch,treatment_physical_rehab
Sport,treatment_physical_rehab
Benadryl at bedtime,treatment_respiratory_allergy
AllergyReleaf,treatment_respiratory_allergy
hydoxizine,treatment_respiratory_allergy
benedryl 1 pill,treatment_respiratory_allergy
Clydamiacin,treatment_respiratory_allergy
2 benadryl,treatment_respiratory_allergy
colloidal silver edta nasal spray,treatment_respiratory_allergy
Desloratadine,treatment_respiratory_allergy
Ventoline,treatment_respiratory_allergy
IV benedryl,treatment_respiratory_allergy
allergy drops,treatment_respiratory_allergy
iodine and tyrosine,treatment_respiratory_allergy
nabutamone,treatment_respiratory_allergy
salbutamol tablets,treatment_respiratory_allergy
Benadryl 25mg,treatment_respiratory_allergy
allergy pellets,treatment_respiratory_allergy
Benadryl pill,treatment_respiratory_allergy
Claritin spray,treatment_respiratory_allergy
diphenhydramine citrate,treatment_respiratory_allergy
clonidine patch,treatment_respiratory_allergy
Zyrtec,treatment_respiratory_allergy
Rantidine,treatment_respiratory_allergy
Cetirizine hydrochloride,treatment_respiratory_allergy
nasal rinse,treatment_respiratory_allergy
Hayfever tablets,treatment_respiratory_allergy
Iodine,treatment_respiratory_allergy
Chlorhexidine,treatment_respiratory_allergy
procycledine,treatment_respiratory_allergy
Diphenhydramine,treatment_respiratory_allergy
sinus spray,treatment_respiratory_allergy
clonodine,treatment_respiratory_allergy
quietapine,treatment_respiratory_allergy
Hydroxyzine Pamoate,treatment_respiratory_allergy
VIP Nasal Spray,treatment_respiratory_allergy
Zicam nasal spray,treatment_respiratory_allergy
Intestamine,treatment_respiratory_allergy
üíâBenadryl (50mg),treatment_respiratory_allergy
Hexamine Hippurate Antibacterial,treatment_respiratory_allergy
albuterol - inhaler,treatment_respiratory_allergy
Allergy Nasal,treatment_respiratory_allergy
cetirizine liquid,treatment_respiratory_allergy
Extra antihistamines,treatment_respiratory_allergy
nasal decongestant,treatment_respiratory_allergy
Rinexin,treatment_respiratory_allergy
ultra benfotamine,treatment_respiratory_allergy
antihistemine,treatment_respiratory_allergy
Antihistamine - Fexo,treatment_respiratory_allergy
Omnicef Antibacterial,treatment_respiratory_allergy
Tolterodine,treatment_respiratory_allergy
Hydrazine sulfate,treatment_respiratory_allergy
Ventolin,treatment_respiratory_allergy
Beconase Nasal Spray,treatment_respiratory_allergy
Hayfever medication,treatment_respiratory_allergy
Diphenoxylate,treatment_respiratory_allergy
Fexofenadine,treatment_respiratory_allergy
Antihistamine,treatment_respiratory_allergy
Allergy Shots,treatment_respiratory_allergy
Allergy Pill,treatment_respiratory_allergy
Loratadine,treatment_respiratory_allergy
deriphyline ,treatment_respiratory_allergy
Benadryl,treatment_respiratory_allergy
Dulera Inhaler,treatment_respiratory_allergy
Salbutamol,treatment_respiratory_allergy
Fluoxitine,treatment_respiratory_allergy
Olaptadine nasal spray,treatment_respiratory_allergy
allergy meds,treatment_respiratory_allergy
antihistamines,treatment_respiratory_allergy
cold medicine,treatment_respiratory_allergy
Pholcodine,treatment_respiratory_allergy
Allergy med,treatment_respiratory_allergy
allergenic pills,treatment_respiratory_allergy
iv benadryl ,treatment_respiratory_allergy
Intal Inhaler,treatment_respiratory_allergy
cough medicine,treatment_respiratory_allergy
Allergy medicine,treatment_respiratory_allergy
Antihistimine - Fexo,treatment_respiratory_allergy
Cold and Flu Medicine,treatment_respiratory_allergy
Allegra Allergy,treatment_respiratory_allergy
Antihistimine - Loratadine,treatment_respiratory_allergy
Zyrtec-d,treatment_respiratory_allergy
Antihistimine - Allersoothe 25,treatment_respiratory_allergy
nasel spray,treatment_respiratory_allergy
bendryl,treatment_respiratory_allergy
ratinadine,treatment_respiratory_allergy
cold and flu tablets,treatment_respiratory_allergy
fluticasone fuorate inhaler,treatment_respiratory_allergy
 allergy pills,treatment_respiratory_allergy
Nizatidine,treatment_respiratory_allergy
nasal saline spray,treatment_respiratory_allergy
antihistamine sleep aid,treatment_respiratory_allergy
oral benadryl,treatment_respiratory_allergy
Inhaler,treatment_respiratory_allergy
flo nasal flush,treatment_respiratory_allergy
sodium tablet,treatment_respiratory_allergy
polaramine ,treatment_respiratory_allergy
Cough drops,treatment_respiratory_allergy
Antihistimine - Phenergan,treatment_respiratory_allergy
Nasal spray,treatment_respiratory_allergy
Low dose allergen,treatment_respiratory_allergy
Saline nasal spray,treatment_respiratory_allergy
Fluticasone,treatment_respiratory_allergy
25mg IV Benadryl,treatment_respiratory_allergy
bronchodilator,treatment_respiratory_allergy
Arginine & Citrulline,treatment_respiratory_allergy
Fluimucil,treatment_respiratory_allergy
nasal strip,treatment_respiratory_allergy
Benadryl liquigel,treatment_respiratory_allergy
cloxabix,treatment_respiratory_allergy
ventalin inhaler,treatment_respiratory_allergy
Omnair nasel spray,treatment_respiratory_allergy
Mucinex,treatment_respiratory_allergy
anti  histamines ,treatment_respiratory_allergy
"Mometasone Furoate, Nasal Spray",treatment_respiratory_allergy
benedryl 25mg,treatment_respiratory_allergy
Fluocinolone,treatment_respiratory_allergy
sumitriptan nasal spray,treatment_respiratory_allergy
throat spray,treatment_respiratory_allergy
Clonidine,treatment_respiratory_allergy
capryl,treatment_respiratory_allergy
Benedryl,treatment_respiratory_allergy
Pholcodine (cough),treatment_respiratory_allergy
Prolamine iodine,treatment_respiratory_allergy
allergy,treatment_respiratory_allergy
Cold and Flu Medication,treatment_respiratory_allergy
dayquil for cold,treatment_respiratory_allergy
Desloratadine Allergy Control,treatment_respiratory_allergy
antihistamine nose spray,treatment_respiratory_allergy
asthmanex,treatment_respiratory_allergy
nose spray,treatment_respiratory_allergy
Restful Sleep ,treatment_sleep_relaxation
Sleep,treatment_sleep_relaxation
sleep smoothie,treatment_sleep_relaxation
Meditation,treatment_sleep_relaxation
Sunlight,treatment_sleep_relaxation
Hypnotherapy,treatment_sleep_relaxation
Relax,treatment_sleep_relaxation
Anxiety Remedy,treatment_sleep_relaxation
Deep Breathing,treatment_sleep_relaxation
Rest-zzz sleep support,treatment_sleep_relaxation
baths,treatment_sleep_relaxation
Massage- At Home,treatment_sleep_relaxation
Sleep Tea,treatment_sleep_relaxation
Reiki massage,treatment_sleep_relaxation
Yoga,treatment_sleep_relaxation
Bed Rest,treatment_sleep_relaxation
took a nap,treatment_sleep_relaxation
heat treatment,treatment_sleep_relaxation
sunfiber,treatment_sleep_relaxation
Nap/Rest,treatment_sleep_relaxation
resting,treatment_sleep_relaxation
heat,treatment_sleep_relaxation
morning nap,treatment_sleep_relaxation
heat/cold,treatment_sleep_relaxation
Simply sleep,treatment_sleep_relaxation
Deep heat,treatment_sleep_relaxation
hot shower,treatment_sleep_relaxation
Sunbed,treatment_sleep_relaxation
omm meditation,treatment_sleep_relaxation
Anxiety,treatment_sleep_relaxation
Hot Bath,treatment_sleep_relaxation
meditation omm,treatment_sleep_relaxation
Bedtime Yoga,treatment_sleep_relaxation
sensory soothing,treatment_sleep_relaxation
"Sleep Supplement: Valerian, skullcap, passionflower, hops",treatment_sleep_relaxation
masturbation,treatment_sleep_relaxation
Long naps,treatment_sleep_relaxation
Jaw Massage,treatment_sleep_relaxation
Heat patch,treatment_sleep_relaxation
Sun Bathe Whole Body,treatment_sleep_relaxation
Mindfulness meditation,treatment_sleep_relaxation
Restasis,treatment_sleep_relaxation
Nighttime Sleep Aid,treatment_sleep_relaxation
Nap,treatment_sleep_relaxation
Rest,treatment_sleep_relaxation
sleep aid,treatment_sleep_relaxation
anti stress,treatment_sleep_relaxation
Nap/Resting,treatment_sleep_relaxation
mindfulness,treatment_sleep_relaxation
poor sleep,treatment_sleep_relaxation
stress guard ,treatment_sleep_relaxation
Mindfulness App ,treatment_sleep_relaxation
relaxation,treatment_sleep_relaxation
Slept In,treatment_sleep_relaxation
Sunshine,treatment_sleep_relaxation
massage,treatment_sleep_relaxation
extra sleep,treatment_sleep_relaxation
heat pack,treatment_sleep_relaxation
Power Nap,treatment_sleep_relaxation
sun ,treatment_sleep_relaxation
Moist heat,treatment_sleep_relaxation
Napping,treatment_sleep_relaxation
Guided meditation,treatment_sleep_relaxation
am yoga,treatment_sleep_relaxation
bath,treatment_sleep_relaxation
Restorative Yoga,treatment_sleep_relaxation
Sleeping tablets,treatment_sleep_relaxation
Sunbathing,treatment_sleep_relaxation
Icy hot,treatment_sleep_relaxation
Heat therapy,treatment_sleep_relaxation
afternoon nap,treatment_sleep_relaxation
Massage pillow,treatment_sleep_relaxation
muscle relaxers (ASA),treatment_sleep_relaxation
Sauna,treatment_sleep_relaxation
warm bath,treatment_sleep_relaxation
Awakeful,treatment_sleep_relaxation
Shower,treatment_sleep_relaxation
warm shower,treatment_sleep_relaxation
yoga nidra,treatment_sleep_relaxation
going to sleep,treatment_sleep_relaxation
Warm eye compress and massage,treatment_sleep_relaxation
Loving Energy,treatment_sleep_relaxation
Lying Down,treatment_sleep_relaxation
NatureMade Sleep,treatment_sleep_relaxation
night sleep,treatment_sleep_relaxation
Rests,treatment_sleep_relaxation
Hot Tub,treatment_sleep_relaxation
Naps,treatment_sleep_relaxation
hot showers,treatment_sleep_relaxation
muscle relaxers,treatment_sleep_relaxation
Wake-up time,treatment_sleep_relaxation
Relaxing,treatment_sleep_relaxation
Good sleep,treatment_sleep_relaxation
Vinyasa yoga ,treatment_sleep_relaxation
cold shower,treatment_sleep_relaxation
hydration,treatment_sleep_relaxation
sleeping,treatment_sleep_relaxation
Time Sleeping,treatment_sleep_relaxation
herbal sleep,treatment_sleep_relaxation
relaxation or meditation,treatment_sleep_relaxation
Calm - meditation,treatment_sleep_relaxation
girlfriend massage,treatment_sleep_relaxation
Sleep Relax ,treatment_sleep_relaxation
Deep rest,treatment_sleep_relaxation
rest and heat,treatment_sleep_relaxation
Orgasm,treatment_sleep_relaxation
breathing,treatment_sleep_relaxation
IR SAUNA,treatment_sleep_relaxation
muscle relaxer,treatment_sleep_relaxation
nights sleep,treatment_sleep_relaxation
Mind Ease,treatment_sleep_relaxation
Daytime sleep,treatment_sleep_relaxation
soothers,treatment_sleep_relaxation
Streching,treatment_sleep_relaxation
rest in bed,treatment_sleep_relaxation
ashtanga yoga,treatment_sleep_relaxation
Breathwork,treatment_sleep_relaxation
RelaxMax,treatment_sleep_relaxation
chilling out,treatment_sleep_relaxation
tranquil sleep,treatment_sleep_relaxation
Daytime sleeping ,treatment_sleep_relaxation
stress management,treatment_sleep_relaxation
meditate,treatment_sleep_relaxation
Take a nap,treatment_sleep_relaxation
resorative yoga,treatment_sleep_relaxation
B vitamin complex,treatment_supplements_vitamins
iron and vitamin C,treatment_supplements_vitamins
magnesium complex,treatment_supplements_vitamins
Folate,treatment_supplements_vitamins
Methylcobalamin,treatment_supplements_vitamins
Vitamin Gummies,treatment_supplements_vitamins
Liquid Vitamin B 12,treatment_supplements_vitamins
calcium magnesium with vitamin D3,treatment_supplements_vitamins
Vitamin D3+K2,treatment_supplements_vitamins
calcuim magnesium,treatment_supplements_vitamins
Vitamin b12 spray,treatment_supplements_vitamins
oxa b12,treatment_supplements_vitamins
Magnesium carbonate,treatment_supplements_vitamins
foilinic acid,treatment_supplements_vitamins
Omega 3 96mg,treatment_supplements_vitamins
B12 drops,treatment_supplements_vitamins
Basic Nutrients III,treatment_supplements_vitamins
Vitamins,treatment_supplements_vitamins
magnesium phosphate,treatment_supplements_vitamins
"vitamin D 10,000 mg",treatment_supplements_vitamins
Omega 3-6-9,treatment_supplements_vitamins
Vitamin c (ascorbic acid),treatment_supplements_vitamins
Vitamin b6,treatment_supplements_vitamins
Vitamin b-12,treatment_supplements_vitamins
Fish Oil with Vitamin D,treatment_supplements_vitamins
Calcium citrate,treatment_supplements_vitamins
methylated B12 shots,treatment_supplements_vitamins
Omega-3 Capsules,treatment_supplements_vitamins
VitaminD3,treatment_supplements_vitamins
Iron Supplement,treatment_supplements_vitamins
UT Vitamin,treatment_supplements_vitamins
multi vitamine,treatment_supplements_vitamins
Ferrous sulfate,treatment_supplements_vitamins
Daily vitamin,treatment_supplements_vitamins
vitamin k2,treatment_supplements_vitamins
Calcium+Magnesium+Vit D3,treatment_supplements_vitamins
vitamins & minerals,treatment_supplements_vitamins
Cod liver oil,treatment_supplements_vitamins
Fish Oil (Omega 3),treatment_supplements_vitamins
doctors best multivitamin ,treatment_supplements_vitamins
Multi-vitamin,treatment_supplements_vitamins
magnesium plus,treatment_supplements_vitamins
Adeno B12,treatment_supplements_vitamins
Riboflavin,treatment_supplements_vitamins
Vitamin D drops,treatment_supplements_vitamins
G.I. Detox Supplement ,treatment_supplements_vitamins
B11,treatment_supplements_vitamins
magnesium plus PM,treatment_supplements_vitamins
vitamin d cholecalciferol,treatment_supplements_vitamins
Vitamin  R,treatment_supplements_vitamins
collegen supplement,treatment_supplements_vitamins
Multivitamin with iron,treatment_supplements_vitamins
Vitamin D3 5000IU,treatment_supplements_vitamins
Sisu multivitamin,treatment_supplements_vitamins
one a day woman‚Äôs vitamin,treatment_supplements_vitamins
super b vitamin complex,treatment_supplements_vitamins
centrum silver multivitamin ,treatment_supplements_vitamins
Magnesium chloride,treatment_supplements_vitamins
liposomal vitamin c,treatment_supplements_vitamins
B Complex,treatment_supplements_vitamins
liquid multi vitamin,treatment_supplements_vitamins
Vitamin supplement,treatment_supplements_vitamins
Vitamin D 3,treatment_supplements_vitamins
Vitamins and Supplements,treatment_supplements_vitamins
ionic magnesium,treatment_supplements_vitamins
Fish oil with Vitamin D3,treatment_supplements_vitamins
Vitamin C powder,treatment_supplements_vitamins
iron supplements,treatment_supplements_vitamins
energy revitalization multi vitamin supplement,treatment_supplements_vitamins
mega magnesium 250,treatment_supplements_vitamins
Ascorbic acid,treatment_supplements_vitamins
Fish Oil (Salmon 1000mg soft gel capsule),treatment_supplements_vitamins
Iron carbonyl,treatment_supplements_vitamins
Iron,treatment_supplements_vitamins
Zinc,treatment_supplements_vitamins
Probiotics,treatment_supplements_vitamins
BC Powder,treatment_supplements_vitamins
Active Iron,treatment_supplements_vitamins
all probiotics,treatment_supplements_vitamins
Daily Multivitamin,treatment_supplements_vitamins
Vitamin b complex,treatment_supplements_vitamins
Methyl folate b12,treatment_supplements_vitamins
Potassium carbonate,treatment_supplements_vitamins
magn√©sium,treatment_supplements_vitamins
Omega 3 & 6,treatment_supplements_vitamins
Vitamin D3 2000,treatment_supplements_vitamins
Omega-3 Supplement,treatment_supplements_vitamins
Folic acid,treatment_supplements_vitamins
nutrametrix vitamin powder,treatment_supplements_vitamins
Multi-Vitamins,treatment_supplements_vitamins
Omega PLUS,treatment_supplements_vitamins
B12 PLUS,treatment_supplements_vitamins
Magnesium,treatment_supplements_vitamins
Amino acids,treatment_supplements_vitamins
Vitamin D3,treatment_supplements_vitamins
vitaman D,treatment_supplements_vitamins
Vitamin d,treatment_supplements_vitamins
Vitamin D3 2000mg ,treatment_supplements_vitamins
Dietary Vitamin A,treatment_supplements_vitamins
nutritional supplements,treatment_supplements_vitamins
Probiotic,treatment_supplements_vitamins
Vitamins and minerals ,treatment_supplements_vitamins
vitamine B12,treatment_supplements_vitamins
Calcium + Vitamin C,treatment_supplements_vitamins
Vitamin C,treatment_supplements_vitamins
Vitamin B Complex (ICA) ,treatment_supplements_vitamins
Iron (carbon tablet) ,treatment_supplements_vitamins
Vitamin b12,treatment_supplements_vitamins
Magnesium + Vitamin B6,treatment_supplements_vitamins
Multivitamin,treatment_supplements_vitamins
B 6,treatment_supplements_vitamins
Magnesium Supplement,treatment_supplements_vitamins
Sea salt,treatment_supplements_vitamins
cardio supplement,treatment_supplements_vitamins
Iron suppliments,treatment_supplements_vitamins
Dramim B16,treatment_supplements_vitamins
Electrolytes,treatment_supplements_vitamins
Vitamim d,treatment_supplements_vitamins
Liposomal Vitamin C 400mg,treatment_supplements_vitamins
B complex plus,treatment_supplements_vitamins
Extra b12,treatment_supplements_vitamins
Probiotic 50B,treatment_supplements_vitamins
magnesium plus AM,treatment_supplements_vitamins
magnesium ionic,treatment_supplements_vitamins
vit C + zinc,treatment_supplements_vitamins
B-Complex Gummy,treatment_supplements_vitamins
Vitamin B complex - 50,treatment_supplements_vitamins
√îmega 3-6-9,treatment_supplements_vitamins
hair skin nails vitamin,treatment_supplements_vitamins
Vitamin D + K,treatment_supplements_vitamins
Vitamin B Strong Compound,treatment_supplements_vitamins
Sublingual B12,treatment_supplements_vitamins
magnesium and zinc,treatment_supplements_vitamins
b12 spray,treatment_supplements_vitamins
Vitamin a,treatment_supplements_vitamins
omega-3,treatment_supplements_vitamins
Zinc 22.5mg,treatment_supplements_vitamins
B-Complex with Metafolin L-5-MTHF and Vitamin B12,treatment_supplements_vitamins
Omega 3,treatment_supplements_vitamins
magnesium 150mg,treatment_supplements_vitamins
Boric acid,treatment_supplements_vitamins
Iron / multi-vitamin (Floradix),treatment_supplements_vitamins
vitamins w/iron,treatment_supplements_vitamins
womans multivitamin,treatment_supplements_vitamins
Magnesium/Calcium/D3,treatment_supplements_vitamins
Dietary Iron,treatment_supplements_vitamins
Vitamin e,treatment_supplements_vitamins
"Calcium, magnesium, zinc",treatment_supplements_vitamins
Multi vitamin,treatment_supplements_vitamins
Magnesium gel,treatment_supplements_vitamins
adeno b12 AM,treatment_supplements_vitamins
Magnesium glycinate,treatment_supplements_vitamins
Magnesium citrate,treatment_supplements_vitamins
vitamen D ,treatment_supplements_vitamins
"Vitamin D 50,000 IU",treatment_supplements_vitamins
Mineral Max,treatment_supplements_vitamins
Calcium,treatment_supplements_vitamins
Dietary Vitamin C,treatment_supplements_vitamins
Vitamin D/K,treatment_supplements_vitamins
zincaps,treatment_supplements_vitamins
Manganese,treatment_supplements_vitamins
Iron Essentials,treatment_supplements_vitamins
natural supplements,treatment_supplements_vitamins
calcium and vitamin d,treatment_supplements_vitamins
Vitamin B cream,treatment_supplements_vitamins
SmartyPants Vitamin,treatment_supplements_vitamins
vitamin ADK,treatment_supplements_vitamins
multi vitamins,treatment_supplements_vitamins
vegan multivitamin,treatment_supplements_vitamins
calcium magnesium zinc,treatment_supplements_vitamins
folic acid 1mg,treatment_supplements_vitamins
magnesium and B6,treatment_supplements_vitamins
prenatal multi vitamin ,treatment_supplements_vitamins
Fultium D3 Capsules,treatment_supplements_vitamins
b12 blaze,treatment_supplements_vitamins
Omega 7,treatment_supplements_vitamins
Xfactor vitamins,treatment_supplements_vitamins
Athlete Vitamin,treatment_supplements_vitamins
Vitamin D3 Liquid,treatment_supplements_vitamins
Vit B12 and B Co inj,treatment_supplements_vitamins
Hair and nail vitamin,treatment_supplements_vitamins
Zinc chelate,treatment_supplements_vitamins
Fefol Iron ,treatment_supplements_vitamins
Vitamin B2,treatment_supplements_vitamins
HCTZ,treatment_supplements_vitamins
calcium 1200,treatment_supplements_vitamins
Vitamin D Cap,treatment_supplements_vitamins
iron sulfate,treatment_supplements_vitamins
vitamin b-12 complex,treatment_supplements_vitamins
vitamin b 12,treatment_supplements_vitamins
Calicium Carbonate ,treatment_supplements_vitamins
Multivitamin and Iron,treatment_supplements_vitamins
Vitamine D,treatment_supplements_vitamins
Calcium chew,treatment_supplements_vitamins
B2,treatment_supplements_vitamins
flinstone vitamin,treatment_supplements_vitamins
multivitamins/minerals,treatment_supplements_vitamins
calcium citrate/magnesium/vitamin D,treatment_supplements_vitamins
Vitamin D spray,treatment_supplements_vitamins
vitamin D tablets,treatment_supplements_vitamins
core supplement,treatment_supplements_vitamins
Mg + B6,treatment_supplements_vitamins
SAMe Supplement,treatment_supplements_vitamins
Vitamiin D,treatment_supplements_vitamins
B vitamins- liquid,treatment_supplements_vitamins
Omegas,treatment_supplements_vitamins
B Vitamins,treatment_supplements_vitamins
Omega 3s,treatment_supplements_vitamins
Iron tablets,treatment_supplements_vitamins
Chocolate vitamin drink,treatment_supplements_vitamins
Calcium and Magnesium,treatment_supplements_vitamins
Vitamin B-6,treatment_supplements_vitamins
vitimin b12,treatment_supplements_vitamins
Meta Zinc,treatment_supplements_vitamins
vitamine C,treatment_supplements_vitamins
V8 juice,treatment_supplements_vitamins
SaltStick Vitassium X3,treatment_supplements_vitamins
calcium vitamin D,treatment_supplements_vitamins
vitamin b6/2,treatment_supplements_vitamins
b1,treatment_supplements_vitamins
calcium with vitamin d,treatment_supplements_vitamins
vitamin K2 MK7,treatment_supplements_vitamins
Ritual Vitamin,treatment_supplements_vitamins
B6 vitamin,treatment_supplements_vitamins
b3,treatment_supplements_vitamins
methyl B12,treatment_supplements_vitamins
Pyridoxine (vitamin b6),treatment_supplements_vitamins
N-Acelcysteine,treatment_supplements_vitamins
vit b12,treatment_supplements_vitamins
magnesium marin,treatment_supplements_vitamins
FemForte Multivitamin,treatment_supplements_vitamins
Joint supplement,treatment_supplements_vitamins
multi minerals,treatment_supplements_vitamins
Olly Daily Vitamin,treatment_supplements_vitamins
olly sleep vitamin,treatment_supplements_vitamins
Minerals,treatment_supplements_vitamins
Magnesium Forte,treatment_supplements_vitamins
Liquid Iron,treatment_supplements_vitamins
probiotics pm,treatment_supplements_vitamins
Juice plus omegas,treatment_supplements_vitamins
Vitamin k,treatment_supplements_vitamins
Magnesium oxide,treatment_supplements_vitamins
Flinstones Chewable Vitamin,treatment_supplements_vitamins
trader joes multi vitamin & mineral antioxidant,treatment_supplements_vitamins
cacium magnesium vitamin D,treatment_supplements_vitamins
d lactate,treatment_supplements_vitamins
Vitamin B-2 ,treatment_supplements_vitamins
chelated iron,treatment_supplements_vitamins
Vitamin d+calcium,treatment_supplements_vitamins
Alive Energy Men's Multivitamin ,treatment_supplements_vitamins
Iron Supplment,treatment_supplements_vitamins
Vitamin b1,treatment_supplements_vitamins
Juice plus vitamins,treatment_supplements_vitamins
Hairforce Multivitamin,treatment_supplements_vitamins
b12 shot,treatment_supplements_vitamins
Potassium CL,treatment_supplements_vitamins
triple magnesium,treatment_supplements_vitamins
Calcium + Vitamin D,treatment_supplements_vitamins
Vitamin D2,treatment_supplements_vitamins
vitamin D oral spray,treatment_supplements_vitamins
Omega3,treatment_supplements_vitamins
B1 Vitamine,treatment_supplements_vitamins
Calcium carbonate,treatment_supplements_vitamins
THC 5mg blueberries,treatment_supplements_vitamins
iron liquid tablets ,treatment_supplements_vitamins
Vitamin D3/K2,treatment_supplements_vitamins
multivitamin liquid,treatment_supplements_vitamins
Irwin Naturals Living Green Multivitamin ,treatment_supplements_vitamins
"B6, Zinc, Vitamin A",treatment_supplements_vitamins
C vitamine,treatment_supplements_vitamins
Fiber supplement,treatment_supplements_vitamins
energy vitamin,treatment_supplements_vitamins
Vitamen D3,treatment_supplements_vitamins
vitamin c & zinc,treatment_supplements_vitamins
vitamin d/magnesium,treatment_supplements_vitamins
Potassium chloride,treatment_supplements_vitamins
Vitamin b12 & folate,treatment_supplements_vitamins
calcium & magnesium ,treatment_supplements_vitamins
prenatal vitamin,treatment_supplements_vitamins
Potassium,treatment_supplements_vitamins
cyanocobalamin,treatment_supplements_vitamins
"Magnesium, calcium, D",treatment_supplements_vitamins
"Hair, nails & Skin Vitamins",treatment_supplements_vitamins
Vitamin B,treatment_supplements_vitamins
Vitamins A&D,treatment_supplements_vitamins
Vitamineral Green,treatment_supplements_vitamins
liproic acid,treatment_supplements_vitamins
Lipoic Folic Acid,treatment_supplements_vitamins
multivitamins,treatment_supplements_vitamins
Vitamin D Supplement,treatment_supplements_vitamins
mulitvitamins,treatment_supplements_vitamins
c vitamin,treatment_supplements_vitamins
Zinc-Chelate,treatment_supplements_vitamins
Magnesium-Citrate,treatment_supplements_vitamins
Methyl CPG Vitamin B Complex ,treatment_supplements_vitamins
Eurovit vitamin,treatment_supplements_vitamins
mito supplements,treatment_supplements_vitamins
Vital One Vitamin Drink,treatment_supplements_vitamins
Supplements,treatment_supplements_vitamins
B12,treatment_supplements_vitamins
Vitamin D-3,treatment_supplements_vitamins
vitamin C with bioflavinoids,treatment_supplements_vitamins
d-vitamin,treatment_supplements_vitamins
Super bio magnesium,treatment_supplements_vitamins
5-methyl folate,treatment_supplements_vitamins
calcium vitamin d and magnesium,treatment_supplements_vitamins
Zinc picolinate,treatment_supplements_vitamins
Vitamin E Complex,treatment_supplements_vitamins
Subling B12,treatment_supplements_vitamins
Nature‚Äôs Truth iron 65mg,treatment_supplements_vitamins
Sodium chloride,treatment_supplements_vitamins
Niacin and niacinamide (vitamin b3),treatment_supplements_vitamins
Vitamin,treatment_supplements_vitamins
Vitami D3,treatment_supplements_vitamins
Salt,treatment_supplements_vitamins
Iron Gly,treatment_supplements_vitamins
Multi Vitamin with Ginseng,treatment_supplements_vitamins
for til b12,treatment_supplements_vitamins
oxa b12 inyectable,treatment_supplements_vitamins
niacin b3,treatment_supplements_vitamins
Extra salt,treatment_supplements_vitamins
Iron Vitamin (includes related supplements),treatment_supplements_vitamins
Sodium,treatment_supplements_vitamins
Nutrafol Supplement,treatment_supplements_vitamins
potassium 40mg,treatment_supplements_vitamins
vit c & zinc,treatment_supplements_vitamins
üíúMIR (30mg),treatment_supplements_vitamins
calcium 1200mg,treatment_supplements_vitamins
b12 tabs,treatment_supplements_vitamins
Zinc citrate,treatment_supplements_vitamins
liver supplement,treatment_supplements_vitamins
vitamin c with rose hip,treatment_supplements_vitamins
Dr Schultz's Multivitamin,treatment_supplements_vitamins
vitamin c gummy,treatment_supplements_vitamins
b6 phosphate,treatment_supplements_vitamins
calcium supplement,treatment_supplements_vitamins
Magnesium Salts,treatment_supplements_vitamins
Cal-Mag-Zinc,treatment_supplements_vitamins
Magnesium lactate,treatment_supplements_vitamins
2x Magnesium,treatment_supplements_vitamins
Calcium Magnesium,treatment_supplements_vitamins
Calcium/Magnesium/Zinc,treatment_supplements_vitamins
B-12 liquid,treatment_supplements_vitamins
Centrum pro nutrients,treatment_supplements_vitamins
methyl folate,treatment_supplements_vitamins
